department,cost_usd,tokens_used,user_id,cost_per_user,cost_per_token
Engineering,42.9577,2147856,48,0.8949520833333334,2.0000270036724997e-05
Finance,53.8255,2691343,67,0.8033656716417911,1.9999494676078077e-05
HR,39.3256,1966216,53,0.7419924528301887,2.000065099663516e-05
Marketing,53.7338,2686653,61,0.8808819672131147,2.0000275435644275e-05
Ops,40.547,2027377,53,0.7650377358490565,1.9999733645986907e-05
Sales,49.7855,2489321,57,0.8734298245614035,1.999963042130766e-05
Support,52.0498,2602463,60,0.8674966666666666,2.0000207495745376e-05
